day,name,satisfaction,mood
0,Bill,50.000,-0.000
0,Casey,52.000,-0.000
0,Tim,46.000,-18.000
1,Bill,50.016,-25.000
1,Casey,51.918,-100.000
1,Tim,45.871,-54.000
7,Bill,49.746,-28.960
7,Casey,50.612,-37.290
7,Tim,43.095,-100.000
30,Bill,48.743,-28.960
30,Casey,45.767,-62.000
30,Tim,32.489,-100.000
90,Bill,45.989,-25.000
90,Casey,32.503,-36.000
90,Tim,5.541,-98.300
180,Bill,39.554,-25.000
180,Casey,14.483,-42.714
180,Tim,0.000,-95.594
365,Bill,29.130,-28.960
365,Casey,0.000,-50.000
365,Tim,0.000,-74.000
